sequence,class,length
RLWMRWYSPTTRARG,cpp,15
QDGGTWHLVAYCAKSHRY,cpp,18
WWWRRRRRRRR,cpp,11
KLLKLLLKLLLKLLK,cpp,15
VKNVRQKSIVIGHNGEKIKKISMISRNNIEKKFY,non-cpp,34
VLASGAKRVSDA,non-cpp,12
AGYLLGKINLKPLAALAKKIL,cpp,21
GYRRTTPSYWRMWLR,cpp,15
SPTRPTHQGLLPVSNKYT,cpp,18
LAGANSIFYGERLLTTANNEADADAELLRDIG,non-cpp,32
NTRKRIIEMIEREIALARKSSGGRIIMKMNSLVDPATIQALYRASRA,non-cpp,47
RGDRGDRRDLRLDRGDLRC,cpp,19
PIEVCMYREP,cpp,10
KQEETTWSMGFDTTI,non-cpp,15
YDAGRCDVYTTDQSGLYSLRLTL,non-cpp,23
GLPVCGETCVGGTCNTPGCTCSWPVCTRN,cpp,29
HFYGMQKYHHEKLVQMLKDIYGNKMCPAIFAQEVSLKYLWEKDY,non-cpp,44
RRRRWWWWRRRR,cpp,12
SLWRALWRLLRNLWRLLWKA,cpp,20
GKKLVQDLQLAGKLPASLTQ,non-cpp,20
GGILKYFEEVGGSHYRGDCFVFDYRTALNPSLE,non-cpp,33
QREENVKQAKAMGEKAKVSIRNIRKDANDAVKKLEKDKAI,non-cpp,40
SLFRALWRLLESLWRLLWK,cpp,19
LMLMATAFVGYVLPWGQMSFWGATVITNLFSAI,non-cpp,33
VVLDAGRVAQVGKPLELYHYPADRFVAGFIGSPKMNFLPVKVTATAI,non-cpp,47
KQIKIWFQNKKMKWKK,cpp,16
DTWPGVEALIRILQQLLFIHFRIGCQH,cpp,27
SLVSLFEKWDVSVAL,non-cpp,15
MNLKEARNFIDKKIVTEGMIPKTECCI,non-cpp,27
ELMTLFKNLHKKGM,non-cpp,14
IDVTSADALQKYGSI,non-cpp,15
EDNADEMRMGNDGTPIFLSNHAGG,non-cpp,24
GLTPSKILTEEAFMNAITADMALGCST,non-cpp,27
RLWMRWWSATTRAYG,cpp,15
RWFRIQLQIRRWRNRR,cpp,16
NLSIKENCCSFAGNCSSYLYHTIYQALAD,non-cpp,29
RLLRLLRRLLRLLRRLLRC,cpp,19
QIRSYVLDDSRIKDLRTGVETRNTQAVLDGDLD,non-cpp,33
KQINNWFINQRKRHWK,cpp,16
DVDSIYKIPALLRSQGLDDL,non-cpp,20
MVNVQPTNEKLIQRATNIIKEAAEIEESQAKEYLE,non-cpp,35
MAMPGEPRRANVMAHKLEPASLQLRNSCA,cpp,29
MAPQRDTVGGRTTPPSWGPAKAQLRNSCA,cpp,29
RLWMRWYSGTTRRYG,cpp,15
RGERLERRELRLERRELRC,cpp,19
LVYLFPLILAMALILLLTAFITKVNLHNK,non-cpp,29
LITKQYRYPSRRRFN,cpp,15
YSSAYEWFNRYKQPYYEL,cpp,18
WKCRRQAFRVLHHWN,cpp,15
KTRYYSMKKTTMKIIPFNRL,cpp,20
KGAEEMETVIPTDVMRRAGIKVTVAGLTGKEPVQCSR,non-cpp,37
GILLRNQVLPPQI,cpp,13
EKKERYINELGLKKDDAEVIISSYEHAKFFEDLINAGHEPKLCVTW,non-cpp,46
HNACPDAYSYAYDDKRGTFTCNGGPNYAITFCPMRLVQLSR,non-cpp,41
DVYPILSLQSCLDKRAAKGGVSPQQVAQAIAFA,non-cpp,33
LSTAADMQGVVTDGMASG,cpp,18
RILHRDLKSKNIFLKNNLLK,non-cpp,20
VASLIEEEGNPNLKLRLYVSGGGCSGFQY,non-cpp,29
SSMGIRVDPE,non-cpp,10
CFLSALTLSFATLPYYAYNYLLVGPLGFVPEDNALLSTVFTHSYLKD,non-cpp,47
GSNFFYQHRLPFS,cpp,13
GSCKYTANGGV,non-cpp,11
SLWRALWRLWRSLWRLLWKA,cpp,20
KSPCKRCTMDSSDPASPAYIIPRPGGEVICGGTYGVGDWDLSVNPET,non-cpp,47
KPSARMLLLKGFGK,cpp,14
YIKFHRLQDMEE,non-cpp,12
ERVIVAGLPKSRAAMHLDTVFSFCDRDLV,non-cpp,29
QLREKQKVKRIYGVLERQFRRYFAEA,non-cpp,26
AWSFRVSYRGISYRRSR,cpp,17
GSRGGEGGRAPREGPAGNGRDRGRSHAAEAPGDPQAAASLLAPMD,non-cpp,45
PGVPDEVLMPEQTWADKAAYKAKAIELANEFKENFKKFESV,non-cpp,41
ITGAYVLISLFQSSQSCALEGTRGCYEVRDPMDLALLAAILTG,non-cpp,43
RIWFQNRRMRWRR,cpp,13
KGSWYSMRKMSMIRPFFPQQ,cpp,20
VAAQMQHVAAFSLVAAPLLPAAAANSPPGSGPGTLPGLPAPI,non-cpp,42
PRPMIHHSSLNFSFSGLKTFTSKVISNNTLNIQQKANIAR,non-cpp,40
DSHAKRHHGYKRKFHEKHHSHRGY,cpp,24
AGYLLGKINLRALAALARRIL,cpp,21
RGERGERRELRLERGELRC,cpp,19
KKTCRRINYCALNK,cpp,14
LNMLNRRDSSASTISSAYLSSRRSSGISPCFS,non-cpp,32
LSTAADMQGVVTDGMASGLDKDYLKPDD,cpp,28
TSIVVLVERGNGSKIAAGALGLCAAG,non-cpp,26
IMAHIDAGKTTTTERILYYTGKIH,non-cpp,24
NSAAFEDLRVLS,cpp,12
GVKLLEPIMKVEVV,non-cpp,14
SLTSVHPDLMKILGDINSDFTRADEDEEIIVKAMSDYW,non-cpp,38
EVSMENMVTVGFFSCMGTLCLGAAAFSQCEDWSFFHAY,non-cpp,38
AITISNCHLTEHDDVMLLGASDTYTQDEI,non-cpp,29
TEREAPISRRRRHPDDAGQFAVALVIIYRTL,non-cpp,31
GSFSGTVSKIRIRATTITDFD,non-cpp,21
RYVDELNAGKDGPRGDNFNMRWIASMVADVHRILNRG,non-cpp,37
GLFNWLQLRPPSW,cpp,13
RLWMRWYSPRTRAYG,cpp,15
EEEEEEASFENESIEEPE,non-cpp,18
STAPGSLQEDILDSVPA,cpp,17
LPFIIAALAMVHLLFLHETGSNNPTGISSDADKIPFHPYYTIKDILGAL,non-cpp,49
QKGANTIAIGYDEGSVTLKLGREEPAVS,non-cpp,28
LAMIKAAPPLDVDKVLNPSEPSVIYDDKNKLVDT,non-cpp,34
VDKGSYLPRPTPPRPIYNRN,cpp,20
SMTTMEFGHSMITPYKID,cpp,18
WKWRRQWFRVLHHWN,cpp,15
VSYIIHGLMRMDTLQPDRCEIRGENFHWQGDALV,non-cpp,34
LKKLIDQLGWYAPTFESMEMSHPPTILRK,non-cpp,29
QQVGGIECSPVTGEITYGLERLAMY,non-cpp,25
TPWWRLWTKWHHKRRDLPRKPE,cpp,22
TSEQIVRAYAPEQKM,non-cpp,15
WKARRQAFRVLHHWN,cpp,15
VSRRRRRRGGRRRR,cpp,14
PLNKDKGEKEERPRQQDPQRKALLH,non-cpp,25
RRRRRRRRRFF,cpp,11
RWFKIQMQIRRWKNKK,cpp,16
SLWRALWRLLRALWRLLWKA,cpp,20
KLWMRWYSPTTRAYG,cpp,15
CIFMSKKFIELGDPVTQDEKDYEDYVGV,non-cpp,28
MSDPNMNPGTLGSSHILW,cpp,18
ASYALEYGKAELEIQKDALEPGQRVVIVDDLLATGGTMCAACELLNQLR,non-cpp,49
KLWMRWWSPTTRRYG,cpp,15
DWGSAEEEGKALSSPTSPEHDFLKAWVYRPGEDTE,non-cpp,35
KCVHGRCIAPNTC,non-cpp,13
RKMSRVKAMDNLTSKDVINRIKEMGIELRITDP,non-cpp,33
ILDPALLRSGRLDRKIEFPMPNEEARARIMQIHSRKMNVSP,non-cpp,41
QTGCQNTWIQSKCPASCFCRTEIIMKKRIPRIYIKYFLQI,non-cpp,40
PLILLRLLRGQF,cpp,12
VLTTGLPALISWIRRRHRRHC,cpp,21
LECHPQQIEFSRLNLEYTIMSKR,non-cpp,23
VPMLKPMLKE,cpp,10
GDCLPHLKLCKENKDCCSKKCKRRGTNIEKRCR,cpp,33
KRPTMRFRYTWNPMK,cpp,15
GLFGGAGVGKTVLIMELINNIAKAHGGVSVFGGVGERTREGNDLYM,non-cpp,46
MWELEKKSAVADKHELLSLASSNHLGKSLQLLMDR,non-cpp,35
VFHLKGGILQYLEDIPQDQSTWNGACFVFD,non-cpp,30
NHDVHVLTQVLRGMTSRNETLFQRAQKSIPGGVNSPVRAFRSVGGTPRF,non-cpp,49
GIASNGQLPTPKT,cpp,13
RWFKIQLQIRRWKNKK,cpp,16
AGGNLTGWHPDSAAVL,non-cpp,16
WWWWRRRRRRRR,cpp,12
RCGRASRCRVRWMRRRRI,cpp,18
LAALGQIRSLLSVRMGKEEELLMINGLGDIMNN,non-cpp,33
KKALLALALHHLAHLALHLALALKKA,cpp,26
KWFKIQLQIKKWKNKK,cpp,16
GLRPKSKERKGRMKILVTNDDGVH,non-cpp,24
WWRRRRRRRR,cpp,10
SLWRALWRLLRSLWRLWRKA,cpp,20
CFITKALGISYGRKKRRQRRRPPQGSQTH,cpp,29
SDLWEMMMVSLACQY,cpp,15
TVDLSCGLVVTPLIGSSVSSSSMS,non-cpp,24
FTTFAVSTVCLPLFAFLFC,non-cpp,19
VMVKGPGPGRESTIRALNAAG,non-cpp,21
RLLRLLLRLWRRLLRLLR,cpp,18
GHTINVVHSRGKSM,non-cpp,14
RGDRLDRRDLRLDRRDLRC,cpp,19
IVEENQQINAELKTLQNKHNTMTTGISTGADGSSAAEDGSYTEQLME,non-cpp,47
STHLQYHVNYTSRTVVSM,cpp,18
TGARPGTSPKRCPTCGGTGQIRTTRTG,non-cpp,27
SGEHTNGPSKTSVRWVWD,cpp,18
VGHIASRRTG,non-cpp,10
MLRNAQARLLRDN,non-cpp,13
YEQETEPMAKVKATMYYLKNTNFWM,non-cpp,25
RRRRNRTRRNRRRVR,cpp,15
RLIMRIYAPTTRRYG,cpp,15
RGADYSLRAVRMKIRPLVTQ,cpp,20
TQKKVPDKLLDSSTVTHLFKITENIG,non-cpp,26
KAFAKLAARLYRKALARQLGVAA,cpp,23
AQKKAQEVICSAIQRFAGEFVVDR,non-cpp,24
TRRNKRNRIQEQLNRK,cpp,16
HLGCPEKYNFPWVS,non-cpp,14
WKARRQCFRVLHHWN,cpp,15
PRLPRLPRLPRL,cpp,12
RQIKIWFQNRRLKWKK,cpp,16
GTSRANSYDNLKSETLTQ,cpp,18
DGGARFVEDAWVRDAGGGGRTRVIGEGKVIEKGGVNFSHVFGA,non-cpp,43
RLWMRWYAPAARRYG,cpp,15
SVGIIQRDESPMEKGLSGLRGRDFELSDVFY,non-cpp,31
RWRRWRRWRRWR,cpp,12
GQFIWKANPAIVEKLSEVGALMHTETISHSYMHCWRHKTP,non-cpp,40
FSSADVRSIPIIQTWEENKALKTKITILRGELQMYQ,non-cpp,36
AGYLLGPINLKALAALAKKIL,cpp,21
SLWRALWRLWRSLWRLWRKA,cpp,20
VGAQSLNALTGQIVPKDIQLATPPQVGAPATEYAALAELKAIASRNKRF,non-cpp,49
EHLPSNFFKGEECFQCKGAKKYTVECAQAAFSDRGFIPLFDTYH,non-cpp,44
RRLRRLLRRLRRLLRRLR,cpp,18
KIWFQNKKMKWKK,cpp,13
GKKIVGFHGRSGNALDALGVYFVHGSLTTSPPVYKLDAQGGTDGRVWDD,non-cpp,49
AAYLLAKINLKALAALAKKIL,cpp,21
SSGANYFFNAIYDFLSNF,cpp,18
DSRYTVQSFSTDGHPDFIPSDSLDILSY,non-cpp,28
AAAATAAAAAGLGE,non-cpp,14
RGWEVLKYWWNLLQY,cpp,15
YYLGAHLPIFRSYLGGGSVFTILLTAILVATNVIPKYVVT,non-cpp,40
PYSRPHVQLWYPNRESCRSLIRSLGP,cpp,26
IRSWRDLPQLLN,non-cpp,12
RKLTTIFPLNWKYRKALSLG,cpp,20
SPGNQSTGVIGTPSFSNH,cpp,18
AVAQSRGEIVALVNDDVEVIAPDWLSEMVALAQRPGVGCV,non-cpp,40
RKKTFKEVANAVKISA,cpp,16
PLIYLRLLRGQF,cpp,12
YKQSHKKGGKKGSG,cpp,14
